Order_ID,Distance_km,Order_Time,Traffic_Level,Weather,Restaurant_Rating,Prep_Time_min,Delivery_Partner_Rating,Vehicle_Type,Delivery_Time_min
1001,4.06,21,Medium,Rainy,4.6,20,4.7,Bike,58
1002,9.53,17,High,Clear,3.4,25,4.3,Scooter,90
1003,7.45,12,Medium,Cloudy,3.7,26,3.9,Bike,78
1004,6.19,17,Low,Rainy,3.7,28,4.5,Bike,69
1005,1.98,14,Medium,Clear,5.0,27,4.4,Scooter,46
1006,1.98,10,High,Clear,4.7,12,4.7,Bike,42
1007,1.05,16,Medium,Clear,4.4,30,4.6,Bicycle,50
1008,8.73,14,Medium,Cloudy,4.5,36,4.4,Bicycle,98
1009,6.21,15,Medium,Cloudy,4.1,35,4.2,Bike,78
1010,7.23,15,High,Rainy,4.9,25,3.7,Scooter,96
1011,0.7,17,Medium,Cloudy,4.0,15,3.9,Bicycle,35
1012,9.71,18,Medium,Cloudy,3.8,34,4.1,Scooter,93
1013,8.41,11,Low,Clear,3.3,21,4.4,Bicycle,73
1014,2.52,18,High,Clear,4.6,20,4.3,Bike,54
1015,2.23,21,Medium,Clear,4.5,24,3.9,Scooter,50
1016,2.24,20,High,Clear,3.8,24,3.5,Scooter,54
1017,3.39,19,Medium,Clear,3.1,25,4.2,Scooter,47
1018,5.49,18,Medium,Clear,4.7,19,3.9,Bicycle,57
1019,4.6,22,Medium,Clear,3.0,21,4.6,Bicycle,50
1020,3.27,19,Low,Rainy,4.4,37,3.5,Bicycle,68
1021,6.31,19,Low,Rainy,4.9,22,4.4,Bike,72
1022,1.83,16,Low,Rainy,3.9,13,4.9,Bicycle,34
1023,3.28,10,High,Rainy,3.5,16,3.8,Bike,65
1024,3.98,16,High,Clear,4.4,31,4.2,Scooter,67
1025,4.83,19,Low,Rainy,4.6,11,3.6,Scooter,55
1026,7.96,14,High,Clear,4.1,35,4.4,Bike,91
1027,2.4,15,Medium,Rainy,4.9,36,4.3,Bicycle,67
1028,5.39,19,Medium,Cloudy,3.1,36,4.1,Bike,78
1029,6.13,16,Medium,Rainy,4.0,36,4.3,Scooter,88
1030,0.94,14,Low,Rainy,4.4,24,4.8,Scooter,48
1031,6.27,16,High,Clear,4.7,17,3.8,Bike,69
1032,2.12,18,Low,Rainy,3.4,16,3.5,Bicycle,44
1033,1.12,12,High,Cloudy,4.6,24,4.8,Bicycle,53
1034,9.51,17,Medium,Clear,4.1,32,4.4,Bike,93
1035,9.67,11,Low,Clear,3.8,23,4.8,Bike,81
1036,8.18,20,High,Rainy,3.3,17,4.4,Bicycle,84
1037,3.39,16,High,Clear,4.7,37,4.7,Scooter,73
1038,1.43,22,Medium,Clear,3.3,21,4.1,Bike,37
1039,7.0,11,Low,Clear,3.6,22,4.6,Bicycle,60
1040,4.68,13,Low,Clear,3.6,39,4.9,Bicycle,63
1041,1.66,16,Low,Clear,4.7,20,4.4,Scooter,34
1042,5.2,12,Medium,Clear,4.3,26,3.8,Scooter,61
1043,0.83,11,Low,Cloudy,4.6,38,3.9,Scooter,50
1044,9.14,20,Medium,Rainy,3.5,26,3.8,Scooter,93
1045,2.96,19,Medium,Cloudy,4.2,33,3.9,Scooter,65
1046,6.79,16,Medium,Clear,4.1,13,4.0,Bike,59
1047,3.46,10,High,Clear,4.7,30,4.3,Bicycle,64
1048,5.44,17,Low,Rainy,4.8,17,4.4,Bike,56
1049,5.69,12,Low,Cloudy,3.0,14,4.1,Bike,51
1050,2.26,21,Medium,Rainy,4.3,35,4.4,Bike,65
1051,9.71,21,Medium,Cloudy,3.1,25,3.6,Bike,92
1052,7.86,22,Low,Clear,4.1,13,3.6,Bike,53
1053,9.43,11,Medium,Rainy,3.6,37,3.8,Scooter,99
1054,9.0,12,Low,Rainy,3.6,31,4.3,Scooter,93
1055,6.18,14,High,Clear,3.7,38,3.8,Bicycle,85
1056,9.26,20,Medium,Rainy,4.2,24,3.9,Bike,85
1057,1.34,17,Low,Cloudy,3.7,21,4.1,Bicycle,32
1058,2.36,19,Medium,Cloudy,4.5,14,4.7,Scooter,45
1059,0.93,16,Low,Cloudy,3.8,39,3.5,Scooter,49
1060,3.59,16,Low,Cloudy,3.1,32,4.5,Scooter,59
1061,4.19,21,Medium,Clear,4.6,25,4.5,Bike,55
1062,3.08,16,High,Rainy,3.6,23,4.7,Bike,65
1063,8.37,17,Low,Cloudy,3.9,19,4.9,Scooter,68
1064,3.89,10,Low,Clear,4.4,16,3.5,Bicycle,36
1065,3.17,13,Low,Rainy,3.7,22,3.7,Bicycle,48
1066,5.66,22,High,Rainy,3.1,29,4.8,Scooter,88
1067,1.84,15,High,Clear,3.7,37,4.2,Bicycle,61
1068,8.12,18,Medium,Clear,4.9,38,4.3,Scooter,89
1069,1.21,22,High,Cloudy,4.3,14,4.5,Bicycle,40
1070,9.88,11,Medium,Rainy,4.3,38,4.5,Scooter,107
1071,7.84,10,Medium,Rainy,4.3,12,4.9,Bicycle,68
1072,2.39,22,High,Clear,3.4,24,5.0,Bike,57
1073,0.55,19,Medium,Rainy,3.8,13,4.6,Scooter,35
1074,8.25,21,High,Cloudy,4.5,24,3.9,Scooter,95
1075,7.22,11,Medium,Rainy,3.2,23,4.8,Bicycle,75
1076,7.43,16,High,Clear,3.6,29,3.6,Scooter,88
1077,7.83,12,High,Clear,3.6,28,3.8,Scooter,86
1078,1.2,19,Medium,Cloudy,3.9,22,4.8,Scooter,45
1079,3.91,11,Low,Cloudy,5.0,19,3.9,Bike,50
1080,1.6,20,Medium,Rainy,3.1,30,3.8,Bike,58
1081,8.7,16,High,Rainy,4.0,14,3.7,Bicycle,83
1082,6.42,22,Low,Clear,3.4,36,4.8,Bike,75
1083,3.64,22,Medium,Cloudy,4.9,32,4.3,Bicycle,70
1084,1.1,11,Medium,Cloudy,3.2,29,4.5,Bike,49
1085,3.45,12,Medium,Cloudy,3.8,38,3.9,Bicycle,70
1086,3.59,20,Low,Rainy,4.5,29,4.6,Bike,63
1087,7.43,16,High,Cloudy,4.4,34,4.6,Bike,91
1088,6.56,13,Medium,Clear,3.8,15,4.0,Bicycle,53
1089,8.93,22,Medium,Clear,3.7,13,4.1,Scooter,70
1090,4.99,10,Medium,Rainy,3.8,11,3.8,Scooter,60
1091,1.64,22,Medium,Rainy,3.5,31,5.0,Bike,61
1092,7.28,14,Medium,Cloudy,3.4,25,4.5,Bicycle,77
1093,7.73,21,High,Rainy,4.0,27,4.9,Scooter,96
1094,5.83,18,High,Clear,3.5,14,4.0,Bicycle,62
1095,7.82,17,Medium,Cloudy,3.6,31,4.7,Scooter,81
1096,5.19,21,Low,Clear,4.3,13,4.6,Bicycle,48
1097,5.47,18,High,Cloudy,4.9,39,4.5,Bike,91
1098,4.56,19,Low,Rainy,4.2,22,4.9,Bicycle,63
1099,0.74,18,High,Cloudy,3.2,28,4.1,Scooter,53
1100,1.52,16,Medium,Cloudy,3.2,32,3.7,Bike,52
1101,0.8,13,High,Clear,4.9,11,4.5,Bicycle,39
1102,6.55,14,Medium,Clear,3.6,22,4.6,Scooter,69
1103,3.49,10,High,Cloudy,3.2,20,4.4,Bike,58
1104,5.33,10,Medium,Rainy,4.2,39,3.8,Bicycle,81
1105,9.12,12,Medium,Rainy,4.2,31,4.3,Scooter,98
1106,2.87,22,Medium,Clear,4.3,38,4.0,Bicycle,64
1107,4.4,17,Medium,Rainy,3.5,13,4.1,Bicycle,59
1108,7.68,11,Low,Clear,3.0,31,4.5,Bike,74
1109,2.67,13,Medium,Rainy,4.9,29,4.6,Bike,61
1110,1.23,11,Low,Cloudy,3.5,29,3.8,Scooter,47
1111,3.25,14,Low,Clear,4.4,24,4.1,Bike,43
1112,2.03,18,Medium,Clear,4.4,13,3.9,Scooter,38
1113,9.33,10,Low,Cloudy,4.2,18,3.8,Bicycle,72
1114,8.18,14,High,Clear,3.6,16,4.7,Bicycle,75
1115,6.52,18,Medium,Rainy,3.5,28,4.9,Scooter,75
1116,8.78,10,Low,Rainy,4.2,28,4.1,Bicycle,81
1117,8.13,18,Medium,Clear,4.7,15,4.6,Bike,61
1118,2.27,17,Medium,Rainy,4.9,15,4.8,Bicycle,48
1119,8.98,13,Medium,Clear,3.2,29,4.8,Bike,84
1120,5.62,21,Low,Cloudy,3.3,24,3.8,Scooter,66
1121,8.17,20,High,Clear,4.9,24,4.9,Scooter,87
1122,9.01,19,High,Cloudy,4.5,34,4.1,Bicycle,103
1123,3.52,14,Low,Rainy,4.8,29,4.0,Bicycle,57
1124,1.55,22,Medium,Cloudy,3.4,18,3.6,Bike,41
1125,2.67,14,Low,Rainy,4.2,13,4.2,Bike,43
1126,4.56,20,Low,Clear,4.4,27,3.7,Bicycle,55
1127,8.27,21,Low,Rainy,4.4,27,3.9,Bicycle,84
1128,8.68,15,Medium,Clear,3.8,14,4.0,Scooter,66
1129,0.57,16,Low,Clear,3.0,29,4.7,Scooter,32
1130,5.35,17,Medium,Cloudy,4.2,32,4.8,Scooter,73
1131,4.47,17,Low,Cloudy,3.5,39,4.0,Bicycle,69
1132,2.61,20,High,Cloudy,3.9,20,4.8,Bicycle,62
1133,1.64,22,Low,Cloudy,4.9,14,4.8,Bicycle,28
1134,3.71,11,Low,Rainy,3.8,31,4.6,Scooter,67
1135,9.46,18,High,Rainy,4.7,35,3.7,Bicycle,113
1136,3.57,16,Medium,Rainy,3.4,13,4.5,Bike,50
1137,5.43,13,Medium,Clear,4.3,38,4.9,Bicycle,74
1138,7.18,13,Low,Rainy,5.0,21,4.5,Bicycle,68
1139,3.95,20,High,Rainy,3.2,11,4.0,Bicycle,64
1140,9.73,17,Medium,Rainy,3.0,22,4.3,Bicycle,94
1141,9.64,13,Low,Cloudy,3.9,19,4.5,Bicycle,75
1142,2.89,22,High,Rainy,3.2,18,4.3,Bike,59
1143,5.22,15,Medium,Clear,4.5,19,3.7,Bike,60
1144,3.36,14,Medium,Cloudy,4.8,16,4.0,Bicycle,49
1145,3.21,12,High,Clear,3.9,13,4.7,Scooter,46
1146,0.85,22,High,Rainy,3.5,28,4.8,Bicycle,63
1147,6.29,19,High,Cloudy,3.9,19,3.7,Bicycle,76
1148,5.28,20,High,Clear,4.4,39,4.9,Bicycle,86
1149,0.99,11,Low,Rainy,3.0,12,4.0,Scooter,32
1150,3.15,18,High,Clear,4.2,34,4.5,Scooter,65
1151,9.13,19,Medium,Clear,4.2,30,4.6,Scooter,89
1152,2.78,18,Medium,Clear,4.3,38,4.7,Bike,58
1153,1.88,10,Low,Rainy,3.5,28,4.9,Scooter,56
1154,5.15,19,Medium,Rainy,4.4,30,4.0,Bike,78
1155,9.86,12,Medium,Clear,3.2,11,4.8,Bike,67
1156,2.8,17,High,Cloudy,3.4,36,3.7,Scooter,71
1157,6.89,15,Medium,Cloudy,4.8,29,4.6,Scooter,81
1158,7.74,14,Low,Rainy,4.5,19,4.6,Scooter,76
1159,2.76,14,High,Rainy,3.0,11,4.5,Bike,57
1160,7.42,15,High,Rainy,3.5,11,3.9,Bicycle,76
1161,3.99,16,Low,Rainy,3.4,37,4.8,Scooter,74
1162,6.51,10,High,Rainy,3.5,33,3.8,Scooter,92
1163,6.52,18,High,Cloudy,3.5,26,3.6,Scooter,84
1164,5.59,12,Low,Rainy,3.1,25,4.6,Bike,68
1165,1.36,13,High,Clear,3.9,25,4.2,Bike,56
1166,8.44,19,Low,Clear,4.5,23,4.8,Bicycle,72
1167,3.55,10,Low,Cloudy,4.2,16,4.1,Scooter,47
1168,2.27,22,Medium,Clear,4.3,30,3.8,Bike,49
1169,0.89,20,Medium,Cloudy,3.2,20,4.8,Bicycle,36
1170,6.11,19,High,Cloudy,4.9,33,4.3,Scooter,85
1171,6.94,12,High,Clear,4.7,10,3.8,Bike,63
1172,0.66,11,Low,Rainy,4.6,20,4.6,Scooter,43
1173,5.36,11,High,Clear,4.6,32,4.3,Scooter,73
1174,2.65,10,Low,Clear,4.9,30,4.4,Bike,52
1175,6.63,17,Low,Cloudy,4.1,13,4.2,Bike,53
1176,2.16,12,High,Clear,3.4,16,4.7,Bike,46
1177,7.06,12,Low,Cloudy,4.2,35,4.7,Scooter,77
1178,4.17,15,Medium,Rainy,4.5,24,4.6,Scooter,63
1179,9.4,22,High,Rainy,4.5,27,3.7,Bicycle,107
1180,1.81,17,Medium,Rainy,4.0,21,4.8,Scooter,46
1181,3.74,22,High,Clear,3.1,26,4.5,Bike,69
1182,1.58,18,Low,Cloudy,3.7,10,4.5,Scooter,23
1183,9.28,18,High,Rainy,4.8,20,4.0,Bicycle,96
1184,8.83,13,Medium,Cloudy,4.2,37,4.8,Bicycle,96
1185,2.95,14,Low,Cloudy,4.1,10,4.6,Bike,39
1186,6.77,11,High,Rainy,3.5,24,3.7,Bike,92
1187,8.26,20,High,Rainy,3.7,37,4.1,Bicycle,110
1188,5.77,18,High,Cloudy,4.8,30,4.8,Bicycle,88
1189,5.53,17,Medium,Rainy,4.3,19,3.6,Bicycle,62
1190,2.8,12,Medium,Cloudy,4.6,16,4.9,Bike,48
1191,1.38,20,High,Cloudy,3.9,11,4.5,Bicycle,38
1192,9.02,21,Low,Rainy,4.3,19,4.4,Bicycle,74
1193,9.05,22,Low,Clear,3.5,33,3.9,Bike,87
1194,6.51,18,Medium,Rainy,4.4,13,3.9,Scooter,61
1195,3.72,12,Low,Clear,3.9,21,4.9,Scooter,45
1196,3.82,18,Medium,Cloudy,3.9,28,3.9,Bicycle,64
1197,7.4,11,High,Cloudy,4.3,35,4.7,Scooter,96
1198,9.02,21,Medium,Clear,4.9,20,4.1,Scooter,75
1199,8.93,19,Medium,Cloudy,3.1,17,3.7,Scooter,71
1200,7.91,18,High,Clear,4.6,27,3.5,Scooter,86
1201,6.6,17,Low,Clear,3.6,20,4.3,Bicycle,60
1202,1.3,18,Medium,Cloudy,3.9,20,5.0,Scooter,38
1203,2.04,14,Medium,Clear,3.0,22,4.1,Scooter,47
1204,9.04,20,High,Rainy,3.6,12,4.0,Bike,82
1205,6.26,20,Low,Rainy,4.0,21,4.0,Bicycle,72
1206,0.59,11,Medium,Cloudy,3.1,12,4.3,Bike,27
1207,1.46,17,High,Cloudy,4.0,19,4.2,Bike,46
1208,6.8,21,Medium,Clear,4.9,36,4.8,Bicycle,82
1209,0.55,15,High,Clear,3.2,26,4.3,Scooter,47
1210,2.03,17,Low,Clear,4.5,31,4.3,Bike,41
1211,5.71,20,Low,Clear,3.8,11,3.7,Bicycle,46
1212,7.07,14,Low,Rainy,4.3,26,5.0,Scooter,79
1213,6.69,19,Low,Rainy,3.5,25,3.9,Bicycle,77
1214,2.63,11,Medium,Cloudy,3.3,11,3.6,Bike,35
1215,7.27,15,Medium,Clear,3.3,37,4.5,Scooter,86
1216,2.75,14,Low,Clear,3.1,31,4.4,Scooter,51
1217,3.59,21,Low,Cloudy,3.4,39,4.1,Bicycle,67
1218,7.59,22,Low,Clear,4.3,29,4.1,Scooter,68
1219,6.67,21,Medium,Clear,4.8,15,4.7,Bike,54
1220,8.57,14,Low,Clear,4.6,37,3.8,Bike,85
1221,6.75,22,Low,Clear,4.4,34,4.7,Bike,71
1222,5.9,10,Low,Clear,3.2,38,4.5,Bicycle,72
1223,1.39,11,High,Cloudy,3.6,19,4.1,Scooter,48
1224,3.99,17,Low,Clear,3.6,37,4.2,Scooter,57
1225,3.02,22,High,Cloudy,3.5,19,3.9,Scooter,62
1226,2.82,22,High,Clear,4.0,17,4.6,Bike,48
1227,9.74,12,Low,Rainy,4.1,10,4.3,Scooter,74
1228,4.23,19,High,Rainy,3.7,22,4.0,Bike,75
1229,8.97,12,Low,Rainy,3.7,33,4.4,Scooter,88
1230,6.5,17,Medium,Rainy,4.7,18,5.0,Bike,70
1231,8.05,17,Medium,Cloudy,4.6,31,4.2,Scooter,91
1232,5.28,11,Medium,Cloudy,3.6,19,4.9,Bicycle,62
1233,5.98,17,Medium,Clear,4.8,24,4.0,Bicycle,64
1234,5.18,20,High,Rainy,4.9,14,3.6,Bike,74
1235,2.35,22,Low,Cloudy,3.7,31,3.8,Bike,49
1236,7.36,22,Low,Clear,3.7,25,4.1,Scooter,61
1237,3.17,10,Low,Clear,4.0,22,3.8,Scooter,42
1238,0.73,15,Medium,Cloudy,4.9,31,3.5,Bicycle,51
1239,6.63,17,Medium,Rainy,4.8,34,4.9,Scooter,87
1240,2.18,12,Low,Clear,3.2,29,4.8,Bike,43
1241,9.43,17,Medium,Rainy,3.8,27,4.6,Bike,99
1242,9.56,21,Low,Rainy,4.1,20,3.8,Bike,84
1243,9.19,10,Low,Rainy,4.0,36,3.7,Bike,92
1244,4.02,20,Low,Clear,3.4,18,3.6,Bike,38
1245,0.65,20,Low,Rainy,4.7,25,4.6,Bicycle,38
1246,9.32,18,Low,Clear,4.4,11,4.9,Bicycle,60
1247,4.57,22,Low,Rainy,4.7,35,4.1,Bike,72
1248,9.68,20,Low,Clear,4.7,34,3.7,Scooter,90
1249,9.65,22,Medium,Rainy,4.5,11,4.3,Bike,74
1250,8.6,18,Low,Cloudy,3.9,21,4.0,Bicycle,69
1251,3.3,14,Low,Rainy,4.2,17,4.1,Bike,47
1252,4.16,19,Medium,Rainy,3.3,18,4.4,Bicycle,62
1253,8.59,13,Medium,Clear,4.3,21,4.6,Bicycle,72
1254,3.51,20,Medium,Clear,3.4,35,3.7,Bike,61
1255,2.11,15,Low,Rainy,4.4,18,3.6,Bike,47
1256,5.79,21,High,Cloudy,3.5,19,5.0,Scooter,72
1257,9.39,16,High,Cloudy,3.2,34,3.8,Bicycle,107
1258,7.11,14,Medium,Clear,3.3,11,3.6,Scooter,53
1259,5.92,20,High,Cloudy,3.0,25,3.8,Bike,82
1260,1.42,22,Medium,Rainy,4.4,29,3.6,Bicycle,51
1261,6.34,19,Low,Clear,4.5,16,4.1,Scooter,50
1262,9.91,18,High,Rainy,4.0,37,4.7,Scooter,119
1263,1.83,12,Low,Clear,3.3,11,4.0,Scooter,27
1264,5.42,16,High,Clear,3.2,10,4.2,Bike,61
1265,8.84,19,Low,Clear,3.0,28,4.5,Bike,80
1266,7.54,19,High,Clear,3.3,37,4.3,Bike,89
1267,7.12,20,Low,Cloudy,4.8,13,4.8,Bicycle,61
1268,7.17,14,Low,Rainy,3.5,33,4.8,Bike,80
1269,3.92,16,High,Rainy,3.7,31,3.5,Bicycle,85
1270,3.29,11,Low,Rainy,3.2,36,4.7,Scooter,71
1271,8.19,13,Low,Clear,3.4,11,4.2,Scooter,59
1272,8.2,11,Low,Cloudy,4.0,34,5.0,Bike,80
1273,8.74,22,High,Rainy,4.2,23,4.2,Scooter,91
1274,9.18,22,High,Cloudy,3.5,11,5.0,Bike,84
1275,5.36,21,Low,Clear,3.1,38,4.6,Bicycle,74
1276,5.26,16,Low,Rainy,3.8,24,3.9,Scooter,65
1277,8.08,11,High,Cloudy,3.5,21,4.3,Bike,84
1278,6.67,22,High,Clear,3.4,14,5.0,Scooter,68
1279,7.17,20,Low,Cloudy,4.9,37,4.8,Scooter,81
1280,8.06,10,Low,Rainy,4.2,29,3.6,Bike,88
1281,8.96,18,Low,Rainy,4.1,38,4.6,Scooter,98
1282,3.71,10,Medium,Clear,3.8,16,4.0,Scooter,46
1283,4.07,17,High,Clear,3.9,33,3.5,Scooter,75
1284,1.39,11,Medium,Clear,4.1,30,4.1,Scooter,41
1285,5.99,21,High,Cloudy,4.4,19,3.9,Bicycle,75
1286,0.84,17,High,Cloudy,4.4,23,4.7,Scooter,52
1287,4.92,22,High,Cloudy,3.3,23,4.0,Scooter,70
1288,5.66,12,High,Clear,4.0,14,4.7,Bike,64
1289,3.22,15,High,Rainy,3.8,27,3.5,Bicycle,70
1290,6.11,12,High,Rainy,4.7,33,4.0,Bike,91
1291,0.79,16,High,Cloudy,4.3,23,3.9,Bike,51
1292,0.85,19,Medium,Cloudy,4.1,11,3.9,Bike,35
1293,8.31,18,Low,Rainy,3.2,35,3.6,Bicycle,92
1294,3.92,11,Low,Rainy,4.2,21,3.8,Bike,53
1295,1.71,21,Medium,Cloudy,3.2,31,4.3,Bike,52
1296,5.46,21,Medium,Cloudy,3.7,33,3.9,Bike,76
1297,7.81,14,Medium,Rainy,3.3,15,4.1,Scooter,74
1298,2.55,22,Medium,Clear,4.4,13,4.1,Bike,40
1299,6.42,15,High,Cloudy,3.4,22,4.8,Bicycle,81
1300,1.31,13,Low,Rainy,3.8,13,4.9,Bicycle,29
1301,0.99,13,High,Rainy,4.8,31,4.2,Scooter,69
1302,5.55,13,Low,Rainy,3.4,23,4.0,Bicycle,70
1303,5.64,11,Low,Rainy,4.0,25,3.7,Bicycle,69
1304,6.56,13,Medium,Clear,3.8,38,4.9,Scooter,81
1305,7.4,20,High,Rainy,3.0,13,3.6,Bike,85
1306,9.77,10,Medium,Cloudy,4.6,33,3.9,Scooter,97
1307,5.4,21,High,Clear,3.1,34,3.9,Bike,82
1308,3.57,15,Low,Rainy,3.9,10,4.0,Bike,46
1309,8.05,10,Medium,Clear,4.1,22,3.7,Bicycle,76
1310,3.07,19,Medium,Cloudy,4.3,13,4.7,Scooter,45
1311,4.67,15,Low,Rainy,4.4,29,3.7,Bicycle,70
1312,1.25,10,Low,Cloudy,3.5,27,4.5,Bicycle,46
1313,0.74,15,Low,Rainy,3.0,15,3.7,Bike,29
1314,9.65,19,Medium,Rainy,4.4,12,3.6,Bicycle,81
1315,8.44,17,High,Rainy,4.1,32,4.9,Scooter,105
1316,7.11,20,Medium,Rainy,4.7,22,3.8,Bicycle,75
1317,4.39,11,High,Rainy,4.6,36,4.7,Bicycle,90
1318,2.15,11,Medium,Clear,4.7,25,4.3,Bike,47
1319,1.99,22,Medium,Rainy,4.0,36,3.6,Scooter,60
1320,2.88,21,Low,Rainy,3.7,14,4.9,Bicycle,39
1321,5.72,13,High,Clear,4.6,13,3.9,Bike,57
1322,7.29,20,Medium,Clear,3.9,30,4.8,Bicycle,81
1323,6.77,12,Medium,Clear,3.4,17,3.8,Scooter,62
1324,3.16,13,Low,Clear,4.7,28,4.8,Bicycle,43
1325,9.57,22,Low,Clear,4.8,23,3.5,Bicycle,73
1326,7.51,21,High,Clear,3.9,16,4.3,Bike,77
1327,5.77,16,Medium,Rainy,3.2,23,4.7,Bicycle,70
1328,6.31,22,High,Rainy,3.8,15,4.9,Bike,79
1329,4.49,20,Medium,Cloudy,4.6,21,4.9,Scooter,59
1330,2.85,10,High,Rainy,4.8,25,4.7,Bicycle,71
1331,3.88,15,Low,Rainy,3.4,26,4.8,Scooter,65
1332,7.7,12,Medium,Clear,3.1,22,3.8,Scooter,73
1333,0.64,20,High,Clear,4.8,32,3.9,Bicycle,56
1334,1.6,19,Low,Rainy,3.8,23,3.9,Bike,45
1335,0.94,16,Low,Cloudy,4.1,38,4.1,Scooter,51
1336,0.89,19,High,Clear,4.9,16,4.1,Scooter,44
1337,8.63,11,Medium,Rainy,3.1,23,4.3,Bicycle,91
1338,7.18,11,Medium,Rainy,4.3,24,3.7,Bicycle,79
1339,5.0,22,Low,Cloudy,3.1,21,4.5,Bicycle,55
1340,1.43,13,Medium,Cloudy,3.8,26,3.8,Bicycle,53
1341,5.17,10,Medium,Clear,4.6,18,4.0,Bicycle,56
1342,5.0,12,Medium,Cloudy,3.9,31,4.3,Bicycle,68
1343,2.15,22,Low,Rainy,5.0,24,4.7,Bike,46
1344,4.62,18,High,Rainy,4.1,21,4.6,Scooter,75
1345,4.29,16,Medium,Cloudy,3.6,11,4.5,Bike,48
1346,6.35,16,Low,Cloudy,3.4,14,3.7,Bike,55
1347,6.53,22,Low,Cloudy,3.7,22,4.3,Bicycle,61
1348,0.93,22,High,Cloudy,3.7,36,3.6,Scooter,66
1349,4.06,20,Medium,Clear,3.1,29,4.1,Bike,58
1350,6.45,13,Medium,Cloudy,3.7,32,4.1,Bicycle,80
1351,5.28,11,High,Clear,3.9,17,3.6,Bicycle,59
1352,8.64,13,High,Rainy,4.4,36,3.9,Scooter,109
1353,6.76,15,Low,Cloudy,4.3,23,4.9,Bike,68
1354,2.05,20,Low,Clear,4.4,24,4.9,Bike,34
1355,1.17,20,High,Cloudy,3.0,20,4.0,Bike,48
1356,6.6,12,Medium,Rainy,3.4,10,3.6,Bicycle,68
1357,0.75,10,Low,Rainy,4.3,30,3.8,Scooter,43
1358,6.06,21,Low,Rainy,4.0,12,4.1,Scooter,52
1359,9.43,17,Medium,Cloudy,3.0,26,4.9,Bike,92
1360,5.97,21,Low,Cloudy,4.6,37,3.7,Bicycle,81
1361,4.19,22,Medium,Clear,4.5,28,4.6,Bike,60
1362,6.61,14,Medium,Rainy,4.1,23,3.7,Scooter,77
1363,4.85,14,Medium,Cloudy,3.1,31,5.0,Bicycle,74
1364,5.68,20,High,Rainy,4.5,39,4.1,Bike,92
1365,9.44,13,High,Rainy,4.2,32,4.7,Bike,114
1366,4.17,15,High,Clear,4.6,17,4.0,Bicycle,53
1367,9.63,12,Medium,Clear,4.5,22,4.4,Scooter,78
1368,9.1,18,Medium,Clear,4.6,36,3.8,Bicycle,86
1369,2.36,14,High,Clear,4.0,29,3.7,Bike,57
1370,1.16,12,Low,Rainy,3.3,12,4.9,Bike,34
1371,1.46,20,Medium,Clear,4.3,14,4.9,Bike,33
1372,0.67,10,Low,Clear,4.2,18,4.8,Bike,28
1373,1.4,19,Low,Clear,4.5,38,4.4,Scooter,50
1374,6.99,21,Medium,Clear,3.3,15,4.7,Scooter,59
1375,1.18,15,Medium,Rainy,3.4,34,3.6,Bike,58
1376,3.53,11,Low,Clear,4.8,31,4.0,Scooter,56
1377,8.53,22,Low,Rainy,4.5,11,4.0,Scooter,66
1378,0.72,12,High,Cloudy,4.8,22,4.5,Scooter,54
1379,8.24,10,High,Rainy,4.5,14,4.0,Bike,86
1380,3.18,18,Medium,Rainy,4.2,37,3.7,Bicycle,67
1381,1.62,17,High,Clear,4.3,36,4.4,Bicycle,67
1382,7.12,21,High,Cloudy,4.8,34,4.7,Bicycle,95
1383,6.47,11,High,Cloudy,4.2,17,4.1,Bike,78
1384,8.84,21,High,Cloudy,4.3,32,3.7,Scooter,104
1385,7.48,20,Low,Cloudy,3.3,10,3.8,Scooter,58
1386,8.13,17,Medium,Rainy,3.9,29,3.9,Bike,85
1387,3.18,21,High,Cloudy,4.4,21,3.9,Bike,61
1388,2.19,18,Low,Rainy,3.5,32,4.5,Bicycle,61
1389,7.63,10,Low,Rainy,3.4,20,4.4,Bicycle,78
1390,8.16,22,Low,Rainy,3.6,16,4.5,Bike,69
1391,9.91,14,High,Cloudy,3.5,24,4.0,Bicycle,95
1392,4.42,17,High,Clear,3.4,31,4.7,Scooter,69
1393,4.03,20,Medium,Clear,3.8,33,3.8,Bike,63
1394,7.88,11,High,Cloudy,4.8,20,4.2,Bike,86
1395,3.74,13,High,Clear,4.0,38,4.7,Scooter,76
1396,9.34,16,Low,Clear,3.4,31,3.8,Scooter,85
1397,8.65,12,Medium,Rainy,3.2,35,3.7,Scooter,97
1398,4.58,22,High,Rainy,4.4,25,4.8,Bicycle,73
1399,7.63,21,High,Cloudy,3.8,12,4.0,Bike,77
1400,7.67,14,Low,Cloudy,4.6,29,4.5,Bicycle,80
1401,1.48,17,Low,Clear,4.3,23,3.5,Scooter,39
1402,9.07,21,High,Rainy,4.6,12,4.5,Bicycle,85
1403,5.3,19,Medium,Cloudy,3.5,10,4.0,Scooter,51
1404,8.35,12,Medium,Cloudy,4.4,35,3.6,Bicycle,96
1405,3.54,13,Low,Cloudy,3.5,30,4.4,Bicycle,61
1406,9.01,18,Low,Cloudy,4.9,24,3.9,Scooter,81
1407,4.2,16,High,Cloudy,4.3,10,4.1,Bicycle,59
1408,0.6,10,Low,Cloudy,3.6,26,3.6,Bike,38
1409,9.1,21,High,Clear,3.5,11,3.7,Bicycle,76
1410,1.37,13,Medium,Rainy,3.4,38,3.9,Bicycle,69
1411,3.53,13,Medium,Rainy,4.4,29,3.6,Bike,64
1412,9.53,18,High,Cloudy,3.4,15,4.9,Scooter,86
1413,9.53,15,Low,Rainy,4.2,17,3.5,Bike,80
1414,5.95,18,Medium,Rainy,3.5,38,4.2,Bicycle,90
1415,6.5,21,Low,Rainy,4.3,25,3.7,Scooter,76
1416,4.76,15,Medium,Cloudy,4.6,28,4.0,Bicycle,71
1417,3.29,15,High,Cloudy,4.6,10,4.9,Bicycle,51
1418,3.62,14,High,Rainy,4.5,12,3.7,Bike,60
1419,6.89,14,High,Rainy,3.4,37,4.9,Bike,103
1420,7.65,11,Medium,Cloudy,3.2,12,3.8,Scooter,70
1421,8.02,17,Low,Clear,4.4,14,4.6,Scooter,57
1422,8.0,17,Low,Rainy,3.7,36,4.3,Scooter,88
1423,1.37,20,Low,Clear,3.9,21,4.8,Bicycle,33
1424,5.2,22,Medium,Rainy,3.1,21,4.3,Bike,66
1425,1.05,10,Medium,Clear,3.5,29,4.3,Bike,40
1426,5.72,17,Medium,Clear,3.1,22,3.8,Bike,56
1427,4.69,14,Medium,Clear,4.8,29,3.7,Scooter,67
1428,8.93,11,Medium,Cloudy,3.5,18,4.9,Bike,77
1429,3.83,11,Low,Clear,4.1,16,4.0,Bike,42
1430,1.61,15,Medium,Clear,3.1,13,4.1,Bike,26
1431,1.86,20,Medium,Clear,4.3,28,4.6,Scooter,52
1432,7.73,22,Low,Rainy,3.6,31,4.0,Bike,84
1433,6.37,18,Medium,Clear,4.8,28,4.9,Scooter,65
1434,1.46,10,Low,Rainy,4.8,15,4.6,Bike,33
1435,1.3,21,Low,Clear,3.7,36,4.4,Bike,48
1436,7.16,15,High,Clear,4.8,22,4.8,Bike,81
1437,1.19,18,High,Cloudy,5.0,20,3.6,Scooter,45
1438,8.31,17,High,Rainy,4.7,22,3.9,Scooter,93
1439,7.21,20,High,Clear,4.7,22,4.2,Bike,79
1440,1.27,15,Medium,Rainy,3.5,37,3.8,Bicycle,65
1441,1.31,12,High,Rainy,4.2,34,4.6,Scooter,71
1442,9.87,17,Low,Cloudy,3.1,31,4.9,Scooter,90
1443,4.06,18,Medium,Cloudy,3.2,37,4.1,Bike,75
1444,4.02,10,High,Cloudy,5.0,29,4.0,Bicycle,71
1445,8.22,21,Low,Cloudy,3.7,24,4.9,Bike,80
1446,9.5,18,Medium,Cloudy,4.5,30,4.2,Scooter,92
1447,9.87,15,Medium,Cloudy,4.6,22,4.2,Scooter,84
1448,7.66,15,High,Cloudy,4.7,31,4.0,Bike,90
1449,4.07,21,Medium,Cloudy,5.0,20,4.9,Bike,50
1450,1.29,13,Low,Clear,3.5,28,4.4,Bicycle,34
1451,7.88,10,Medium,Rainy,3.1,17,4.6,Bicycle,81
1452,5.8,19,Low,Cloudy,3.8,29,4.7,Scooter,72
1453,4.53,17,Medium,Cloudy,3.3,17,4.0,Bicycle,51
1454,9.11,11,High,Rainy,3.0,19,4.2,Bicycle,92
1455,1.56,21,Low,Clear,3.7,35,4.8,Scooter,43
1456,5.18,10,Medium,Rainy,4.6,25,4.0,Scooter,75
1457,0.61,11,Medium,Rainy,4.1,28,4.7,Scooter,56
1458,4.95,10,Medium,Cloudy,3.6,35,4.9,Scooter,79
1459,1.03,10,Low,Rainy,4.3,32,4.4,Bike,47
1460,1.63,18,Low,Rainy,3.5,20,4.6,Scooter,41
1461,1.62,22,Low,Cloudy,3.0,22,4.7,Scooter,41
1462,6.67,10,High,Cloudy,4.5,37,4.8,Scooter,99
1463,7.59,22,High,Cloudy,4.2,18,4.1,Bicycle,85
1464,6.04,13,Low,Cloudy,4.5,29,3.6,Scooter,69
1465,9.64,19,Medium,Rainy,3.1,33,4.1,Bike,101
1466,4.06,15,High,Rainy,4.7,28,4.5,Bike,83
1467,3.21,16,Low,Clear,4.2,25,4.2,Scooter,49
1468,8.75,11,Medium,Clear,4.1,16,4.6,Bike,65
1469,2.62,15,High,Rainy,4.2,28,4.0,Bicycle,69
1470,9.65,16,Medium,Clear,4.7,21,4.5,Scooter,78
1471,0.62,19,Medium,Rainy,4.2,24,3.8,Bike,42
1472,9.71,19,Medium,Clear,4.2,32,4.6,Bike,92
1473,0.91,11,Medium,Cloudy,5.0,23,4.3,Scooter,44
1474,8.97,11,High,Clear,4.5,20,3.8,Bike,84
1475,5.51,19,High,Cloudy,3.9,35,3.9,Scooter,86
1476,9.93,16,High,Cloudy,4.4,19,4.6,Bike,95
1477,1.2,21,Low,Cloudy,3.8,36,4.2,Bicycle,49
1478,5.76,10,High,Cloudy,3.5,20,3.8,Bike,70
1479,9.71,17,Medium,Clear,4.2,15,5.0,Bike,69
1480,5.47,20,High,Rainy,4.9,11,4.6,Scooter,67
1481,6.48,22,Medium,Cloudy,4.9,20,4.9,Bike,64
1482,7.11,12,Low,Clear,3.7,28,4.1,Scooter,65
1483,4.82,20,Medium,Cloudy,4.1,15,4.2,Bicycle,54
1484,6.46,15,Medium,Clear,3.4,23,4.8,Scooter,67
1485,6.05,18,Medium,Clear,5.0,29,4.3,Scooter,65
1486,9.06,15,Low,Clear,5.0,15,4.6,Bike,63
1487,0.93,18,High,Rainy,4.3,26,3.9,Bicycle,65
1488,3.17,16,High,Clear,4.6,19,4.2,Scooter,55
1489,9.53,18,Low,Clear,4.4,37,3.7,Bike,84
1490,8.96,11,Medium,Rainy,4.2,10,3.8,Bike,69
1491,4.83,21,High,Rainy,3.1,12,3.5,Scooter,70
1492,6.39,17,Low,Clear,3.9,17,3.6,Bike,54
1493,3.14,17,High,Rainy,4.3,17,5.0,Scooter,63
1494,2.29,11,Low,Cloudy,4.4,36,3.9,Scooter,52
1495,4.91,21,Medium,Cloudy,3.7,29,4.5,Scooter,63
1496,3.86,13,High,Rainy,4.9,31,4.8,Bicycle,78
1497,6.04,20,Low,Rainy,3.3,24,4.3,Scooter,68
1498,1.24,16,High,Clear,4.0,33,3.7,Bike,58
1499,9.76,20,High,Rainy,4.4,16,4.6,Bicycle,92
1500,9.87,13,High,Clear,4.4,20,4.4,Bike,91
1501,7.13,13,High,Cloudy,4.3,16,4.6,Bicycle,77
1502,5.59,15,Low,Rainy,3.6,38,4.7,Bicycle,83
1503,3.44,19,Medium,Clear,3.3,13,5.0,Bicycle,41
1504,8.23,15,Low,Clear,4.3,34,4.4,Bicycle,84
1505,7.0,19,Low,Cloudy,4.2,21,4.0,Bike,61
1506,2.04,12,Low,Rainy,3.4,35,4.5,Scooter,61
1507,9.15,18,Medium,Cloudy,4.4,15,3.6,Bike,70
1508,8.31,21,High,Clear,3.9,23,4.8,Scooter,85
1509,9.52,19,High,Clear,4.3,21,3.7,Bike,92
1510,7.39,20,High,Rainy,4.7,20,4.0,Bicycle,88
1511,6.33,11,Medium,Clear,3.3,28,4.7,Bicycle,74
1512,4.47,15,High,Rainy,3.0,30,4.4,Scooter,85
1513,9.36,21,Medium,Cloudy,4.6,14,4.1,Scooter,72
1514,8.73,16,High,Rainy,4.2,23,4.2,Bike,94
1515,0.93,21,High,Rainy,4.4,30,4.8,Scooter,62
1516,0.75,22,Low,Clear,4.7,33,4.0,Bike,44
1517,4.08,18,Medium,Clear,4.6,25,4.8,Scooter,56
1518,8.2,22,Low,Rainy,4.9,34,3.6,Scooter,87
1519,9.88,12,Low,Clear,4.1,22,4.7,Scooter,80
1520,1.93,19,Low,Clear,4.0,34,4.8,Bicycle,47
1521,6.14,12,Medium,Clear,3.8,38,3.8,Bicycle,79
1522,4.12,16,Medium,Rainy,3.3,31,4.1,Bike,73
1523,9.71,13,High,Clear,4.1,31,3.7,Scooter,94
1524,8.5,22,Low,Rainy,3.6,34,4.6,Bike,87
1525,8.46,17,High,Clear,4.8,29,4.3,Scooter,92
1526,4.95,22,Low,Cloudy,4.2,31,4.5,Bicycle,70
1527,4.44,16,Medium,Clear,4.2,13,3.8,Bicycle,41
1528,3.1,14,Medium,Clear,3.7,20,3.8,Scooter,46
1529,1.04,16,Medium,Rainy,3.1,26,3.6,Scooter,54
1530,8.71,12,Low,Rainy,3.1,16,4.0,Bicycle,79
1531,8.22,21,Medium,Clear,3.8,23,4.3,Bicycle,70
1532,10.0,11,Low,Cloudy,3.2,35,4.8,Bike,96
1533,9.97,15,High,Clear,4.2,20,4.5,Bicycle,87
1534,5.78,11,Low,Clear,4.8,37,4.2,Scooter,75
1535,7.81,12,High,Cloudy,4.8,31,4.9,Bike,91
1536,9.48,15,Low,Rainy,4.3,18,4.6,Scooter,81
1537,8.57,14,High,Clear,3.4,32,4.9,Bike,93
1538,2.85,17,Medium,Rainy,4.7,22,4.3,Scooter,51
1539,4.78,18,High,Rainy,4.8,32,3.9,Bicycle,84
1540,1.73,20,Medium,Cloudy,3.4,27,3.6,Scooter,47
1541,9.56,12,Medium,Cloudy,4.5,37,4.6,Bike,100
1542,6.26,21,High,Rainy,3.6,20,3.7,Scooter,81
1543,2.67,19,Low,Clear,4.6,24,4.0,Bike,44
1544,6.88,12,Low,Rainy,5.0,34,4.3,Scooter,82
1545,6.37,12,Low,Clear,3.1,35,4.3,Bicycle,67
1546,3.9,22,Low,Clear,4.8,34,4.4,Bicycle,61
1547,1.58,22,Low,Cloudy,4.2,31,3.7,Scooter,53
1548,6.88,15,Medium,Clear,4.9,38,4.1,Scooter,84
1549,5.44,10,Low,Clear,3.9,28,4.4,Scooter,60
1550,7.84,16,Medium,Rainy,4.7,10,5.0,Bike,73
1551,5.44,21,Medium,Cloudy,3.1,13,4.6,Scooter,56
1552,8.6,10,Medium,Clear,3.7,23,4.9,Scooter,79
1553,5.74,14,High,Clear,3.1,23,4.6,Bike,72
1554,5.83,19,High,Cloudy,5.0,12,4.4,Bicycle,63
1555,8.83,22,Medium,Rainy,4.6,39,3.8,Scooter,103
1556,4.33,17,High,Cloudy,4.7,37,4.5,Scooter,88
1557,1.77,13,Low,Cloudy,4.9,26,4.4,Bicycle,49
1558,0.77,14,Low,Clear,3.2,12,4.4,Bicycle,21
1559,7.67,13,Medium,Clear,3.8,25,4.2,Bike,69
1560,6.39,21,Low,Rainy,3.1,23,4.3,Scooter,66
1561,7.19,21,Medium,Clear,3.4,39,4.0,Scooter,82
1562,2.52,13,Medium,Clear,3.5,29,4.3,Bike,55
1563,1.8,21,Low,Cloudy,3.9,38,3.8,Bicycle,57
1564,0.64,17,High,Clear,3.5,22,4.7,Bike,40
1565,3.83,11,Low,Rainy,3.2,24,3.8,Bicycle,61
1566,6.1,10,Low,Cloudy,3.3,23,3.6,Bike,62
1567,4.23,12,Medium,Rainy,3.3,33,4.2,Bicycle,75
1568,4.66,18,Medium,Cloudy,4.9,34,4.5,Bike,75
1569,9.09,13,Medium,Clear,4.5,28,4.2,Bicycle,86
1570,3.81,19,Medium,Cloudy,4.9,15,3.9,Bicycle,44
1571,5.38,14,High,Cloudy,3.9,19,4.3,Bicycle,65
1572,7.94,11,High,Clear,3.6,36,4.0,Bicycle,92
1573,4.27,13,High,Clear,4.6,24,4.9,Bicycle,65
1574,6.41,11,Medium,Rainy,3.7,30,4.9,Scooter,78
1575,8.69,11,Medium,Rainy,3.6,31,4.3,Bicycle,98
1576,9.52,13,Medium,Clear,3.5,29,4.0,Scooter,91
1577,1.9,15,High,Clear,3.3,35,4.6,Bicycle,59
1578,9.3,16,Medium,Clear,3.5,15,3.6,Scooter,66
1579,5.18,19,Low,Cloudy,3.7,32,4.2,Scooter,66
1580,2.95,12,Low,Cloudy,4.3,34,4.0,Bike,56
1581,4.86,12,Medium,Cloudy,3.1,19,4.9,Bicycle,53
1582,9.81,19,Low,Clear,3.4,16,3.5,Bike,68
1583,5.18,15,Low,Rainy,4.6,31,4.3,Bike,68
1584,3.62,22,High,Clear,3.3,26,4.6,Bicycle,60
1585,6.52,21,Medium,Cloudy,3.7,27,4.2,Bike,77
1586,2.78,12,Medium,Cloudy,4.7,26,3.6,Bicycle,59
1587,1.22,22,High,Clear,3.3,18,5.0,Bike,39
1588,1.72,11,Low,Clear,3.2,19,4.3,Bicycle,33
1589,1.72,17,Low,Cloudy,4.0,19,4.4,Bicycle,35
1590,1.94,14,Medium,Cloudy,3.6,34,3.9,Bicycle,57
1591,1.82,10,Low,Cloudy,4.1,16,4.2,Scooter,39
1592,6.59,12,High,Clear,4.6,25,4.1,Bike,76
1593,2.23,19,High,Cloudy,3.3,38,3.6,Scooter,69
1594,3.78,17,Medium,Cloudy,4.2,27,3.7,Bike,60
1595,9.02,13,High,Rainy,4.0,15,4.8,Bike,93
1596,5.0,16,High,Clear,3.3,36,3.9,Bike,77
1597,6.84,19,Medium,Rainy,4.2,29,3.8,Scooter,84
1598,2.14,21,High,Rainy,3.5,10,4.3,Bike,50
1599,2.33,11,High,Cloudy,4.0,10,4.7,Scooter,45
1600,0.89,16,High,Clear,3.2,21,3.6,Bicycle,43
1601,2.1,14,Low,Cloudy,3.9,30,4.4,Bike,48
1602,3.15,14,Medium,Clear,3.6,37,3.7,Bike,62
1603,2.18,15,Medium,Rainy,4.6,11,3.6,Bicycle,39
1604,1.34,22,Medium,Clear,3.1,13,3.6,Bicycle,28
1605,1.65,18,Low,Cloudy,3.8,26,4.8,Bike,44
1606,4.88,15,Low,Cloudy,3.9,13,3.7,Bicycle,46
1607,2.46,21,Medium,Cloudy,4.5,20,3.6,Scooter,48
1608,3.96,22,Low,Clear,4.1,31,4.2,Scooter,58
1609,5.28,17,Medium,Rainy,4.3,35,4.8,Bike,85
1610,7.06,16,Low,Rainy,4.6,13,3.9,Scooter,64
1611,0.87,18,High,Clear,4.7,10,4.1,Scooter,35
1612,8.09,13,High,Cloudy,3.6,16,3.6,Bike,79
1613,6.47,11,Medium,Rainy,4.1,39,4.2,Bicycle,86
1614,1.28,16,Low,Cloudy,4.7,27,4.4,Bike,45
1615,8.8,15,Low,Clear,5.0,18,4.4,Scooter,65
1616,9.25,10,High,Cloudy,4.8,38,4.0,Bike,104
1617,1.08,20,High,Rainy,3.7,12,4.0,Bike,46
1618,3.13,18,Low,Rainy,3.4,17,3.7,Scooter,49
1619,8.16,18,Low,Cloudy,4.0,38,4.1,Scooter,86
1620,7.61,21,Low,Clear,4.5,33,3.6,Bike,78
1621,2.25,11,Low,Cloudy,4.0,28,4.6,Scooter,51
1622,2.49,12,Low,Clear,4.0,13,4.9,Scooter,27
1623,4.02,14,Low,Cloudy,4.7,27,5.0,Scooter,60
1624,5.1,14,Medium,Rainy,3.7,29,4.8,Scooter,71
1625,6.37,10,Low,Clear,4.7,36,4.4,Scooter,67
1626,4.0,17,High,Clear,3.8,20,4.6,Scooter,56
1627,4.89,21,Medium,Clear,3.7,36,3.9,Bicycle,70
1628,7.6,17,Low,Rainy,3.9,23,4.4,Bike,80
1629,0.85,13,High,Cloudy,4.5,34,4.2,Scooter,59
1630,2.9,22,Medium,Rainy,3.3,27,4.2,Bike,61
1631,7.28,16,High,Clear,3.4,37,4.6,Bicycle,88
1632,9.0,20,Low,Cloudy,4.9,37,3.9,Scooter,97
1633,5.36,19,Low,Rainy,3.4,38,4.0,Bike,74
1634,5.56,12,Low,Clear,4.1,25,4.9,Scooter,56
1635,1.52,15,Low,Clear,4.2,12,3.6,Scooter,28
1636,4.75,19,Medium,Rainy,4.0,24,4.2,Scooter,72
1637,5.56,22,Medium,Rainy,4.3,36,4.9,Scooter,86
1638,2.8,19,High,Rainy,3.5,36,4.4,Scooter,82
1639,3.06,21,Low,Clear,4.1,13,4.3,Scooter,30
1640,4.08,18,High,Rainy,3.7,14,3.9,Scooter,61
1641,0.69,10,Medium,Clear,4.3,26,4.0,Bicycle,34
1642,3.56,14,Low,Rainy,3.3,16,4.8,Bicycle,45
1643,2.51,13,Low,Clear,4.1,25,4.3,Scooter,47
1644,3.61,17,Medium,Clear,3.4,23,4.3,Scooter,46
1645,1.64,20,Medium,Cloudy,3.6,35,3.6,Bicycle,60
1646,8.96,21,Medium,Rainy,3.4,25,3.5,Bicycle,84
1647,6.14,10,Medium,Rainy,3.4,16,4.9,Bicycle,65
1648,6.95,18,Medium,Clear,4.7,18,4.1,Scooter,65
1649,8.0,15,Low,Clear,3.6,13,4.4,Bike,59
1650,5.24,13,Medium,Clear,4.9,39,3.6,Bike,73
1651,1.33,21,Low,Cloudy,4.9,39,4.5,Bike,60
1652,5.6,18,Low,Cloudy,4.1,31,4.9,Bike,72
1653,6.07,20,Medium,Clear,3.3,20,4.4,Scooter,63
1654,7.58,14,Medium,Rainy,3.7,11,3.7,Bike,64
1655,4.6,14,Low,Rainy,4.6,21,4.4,Bicycle,63
1656,1.71,21,Medium,Cloudy,3.7,21,4.6,Bicycle,48
1657,3.2,14,Medium,Cloudy,3.2,39,4.1,Bike,75
1658,3.95,10,Medium,Clear,4.1,13,4.8,Bicycle,42
1659,6.64,10,High,Rainy,4.7,27,4.5,Scooter,88
1660,5.92,17,Low,Clear,4.6,35,4.8,Bike,71
1661,3.88,21,High,Cloudy,3.4,30,4.4,Bike,79
1662,9.87,17,Medium,Rainy,4.3,16,3.7,Scooter,86
1663,6.25,21,High,Rainy,3.4,38,4.0,Bicycle,100
1664,2.75,15,Medium,Cloudy,3.4,10,3.8,Scooter,43
1665,1.47,21,High,Clear,4.7,35,4.9,Scooter,66
1666,1.95,20,Medium,Clear,3.5,35,4.6,Bicycle,57
1667,2.84,22,High,Rainy,3.5,32,4.5,Scooter,75
1668,2.03,13,High,Cloudy,3.0,35,4.0,Bicycle,70
1669,2.27,11,High,Rainy,4.7,22,3.8,Bicycle,58
1670,3.21,11,Low,Cloudy,4.6,15,4.6,Scooter,41
1671,2.15,18,High,Clear,4.3,15,4.2,Bicycle,41
1672,9.02,14,Low,Cloudy,4.5,21,3.8,Scooter,76
1673,1.26,13,Medium,Clear,3.3,17,4.4,Bicycle,36
1674,5.48,19,High,Cloudy,3.9,33,3.6,Bike,87
1675,4.4,22,Medium,Rainy,3.7,31,4.0,Bicycle,76
1676,9.83,10,Medium,Clear,3.2,28,4.2,Bicycle,91
1677,1.56,16,High,Rainy,4.0,14,3.7,Scooter,53
1678,4.28,12,Low,Rainy,4.8,27,5.0,Bicycle,60
1679,9.71,15,High,Clear,3.1,39,3.8,Bike,109
1680,8.72,14,Medium,Clear,3.6,14,3.7,Bike,67
1681,8.26,14,Medium,Rainy,3.4,39,3.8,Bicycle,100
1682,2.95,20,High,Rainy,3.5,34,4.7,Bicycle,78
1683,2.12,14,Low,Rainy,4.8,19,4.1,Bike,41
1684,6.85,10,Low,Rainy,3.9,10,4.3,Scooter,63
1685,9.33,10,Medium,Clear,3.9,19,3.5,Bike,70
1686,5.79,12,Medium,Clear,4.5,14,3.6,Bike,50
1687,5.93,21,Low,Rainy,3.3,21,4.2,Bicycle,69
1688,3.16,19,High,Cloudy,4.0,31,4.7,Bicycle,71
1689,7.81,13,Medium,Cloudy,3.9,39,4.8,Bike,98
1690,2.28,14,Low,Clear,4.2,36,3.6,Scooter,56
1691,3.57,11,Medium,Rainy,5.0,16,4.3,Bike,49
1692,4.54,17,High,Rainy,4.5,18,4.9,Bike,71
1693,5.32,20,Low,Clear,3.8,31,4.1,Scooter,63
1694,2.8,20,Medium,Cloudy,4.7,30,4.7,Bike,64
1695,1.59,11,High,Cloudy,3.3,21,3.7,Bike,51
1696,6.3,18,Medium,Cloudy,3.1,32,4.9,Bicycle,76
1697,3.24,11,High,Clear,3.4,38,4.6,Scooter,69
1698,6.02,22,High,Cloudy,3.7,10,4.9,Bicycle,61
1699,1.97,18,Low,Clear,4.0,20,4.5,Bicycle,37
1700,5.07,16,High,Clear,4.2,39,4.0,Scooter,88
1701,5.56,17,Medium,Rainy,4.8,30,4.9,Scooter,79
1702,0.99,20,High,Cloudy,4.0,24,3.9,Bike,55
1703,3.7,11,High,Clear,4.0,11,4.0,Bicycle,52
1704,1.78,16,Low,Cloudy,3.1,29,4.6,Scooter,48
1705,1.1,21,High,Cloudy,3.1,16,4.6,Bicycle,49
1706,9.9,15,High,Rainy,4.1,30,4.9,Bicycle,113
1707,3.56,13,Medium,Cloudy,3.9,21,3.8,Scooter,49
1708,8.19,16,Low,Rainy,4.7,31,4.7,Bike,86
1709,2.92,22,Low,Clear,3.3,27,4.6,Bicycle,43
1710,6.97,13,Low,Cloudy,3.0,12,3.6,Scooter,61
1711,7.72,11,High,Clear,3.9,16,4.1,Bike,74
1712,6.16,19,Low,Cloudy,3.5,20,3.9,Bicycle,57
1713,4.98,21,High,Clear,3.1,27,4.0,Scooter,73
1714,4.41,16,High,Cloudy,4.4,21,5.0,Bicycle,73
1715,3.81,17,Medium,Cloudy,3.2,15,4.5,Scooter,47
1716,9.33,11,Medium,Cloudy,4.2,14,4.6,Scooter,79
1717,8.39,14,Medium,Cloudy,3.6,35,5.0,Bicycle,91
1718,9.67,10,Medium,Cloudy,3.3,10,4.1,Bicycle,76
1719,1.68,16,Medium,Cloudy,3.8,21,4.7,Scooter,40
1720,7.44,17,High,Cloudy,4.6,36,4.2,Bike,94
1721,9.41,22,High,Cloudy,3.8,35,4.8,Bicycle,108
1722,2.22,15,Low,Cloudy,4.5,20,3.8,Scooter,37
1723,1.13,14,High,Clear,3.3,13,4.9,Scooter,34
1724,7.54,15,High,Rainy,4.5,36,3.8,Bike,101
1725,5.96,11,Medium,Cloudy,3.5,27,4.0,Bike,74
1726,8.5,10,High,Rainy,4.4,13,4.6,Bike,87
1727,1.83,16,Medium,Cloudy,4.1,26,4.1,Bicycle,46
1728,8.06,16,Low,Cloudy,4.9,11,4.4,Scooter,63
1729,2.42,19,Low,Clear,3.8,38,4.2,Scooter,53
1730,2.05,20,High,Clear,3.1,33,4.6,Scooter,59
1731,2.06,19,Low,Rainy,3.0,31,3.8,Bike,61
1732,8.24,11,High,Clear,4.7,11,3.6,Scooter,76
1733,6.82,11,Low,Clear,4.0,21,3.9,Bicycle,61
1734,5.47,10,Medium,Rainy,4.6,15,4.2,Bike,62
1735,3.91,19,Medium,Clear,3.5,19,3.8,Bike,52
1736,8.83,17,Medium,Cloudy,3.7,34,4.0,Bike,92
1737,4.23,17,Medium,Rainy,3.1,32,4.1,Bike,78
1738,8.26,10,High,Rainy,4.9,34,3.6,Bicycle,100
1739,4.67,21,Low,Cloudy,4.3,30,4.4,Scooter,59
1740,4.08,20,High,Clear,4.9,32,4.8,Bicycle,74
1741,4.9,17,Medium,Rainy,3.5,36,3.7,Scooter,75
1742,3.36,18,High,Rainy,4.2,25,4.4,Bicycle,68
1743,7.6,13,Low,Cloudy,4.4,23,4.5,Bike,67
1744,5.28,10,High,Cloudy,3.6,16,4.1,Bike,66
1745,2.71,10,Low,Clear,4.7,37,4.6,Bicycle,53
1746,9.05,12,High,Rainy,4.9,37,4.1,Bicycle,113
1747,4.15,14,Low,Clear,4.8,28,4.3,Scooter,52
1748,5.66,14,Low,Clear,4.5,32,3.5,Bicycle,67
1749,9.11,18,Medium,Cloudy,3.6,26,4.5,Bicycle,84
1750,6.43,19,Low,Rainy,3.6,18,4.5,Scooter,65
1751,1.61,21,Medium,Rainy,4.9,35,3.6,Scooter,61
1752,9.43,11,Medium,Rainy,3.0,22,4.1,Scooter,85
1753,6.46,11,Medium,Cloudy,4.4,31,5.0,Bicycle,73
1754,3.68,15,High,Cloudy,4.4,14,4.1,Scooter,52
1755,1.82,18,High,Cloudy,4.2,32,4.3,Bike,68
1756,8.04,10,High,Cloudy,5.0,14,4.9,Bike,77
1757,6.39,18,High,Cloudy,3.6,19,4.6,Bike,74
1758,5.57,18,Low,Rainy,3.7,30,4.4,Bicycle,77
1759,8.99,22,Low,Clear,3.2,36,4.7,Bike,87
1760,7.99,18,High,Rainy,3.9,19,4.8,Bicycle,89
1761,1.94,14,Low,Clear,3.5,36,4.2,Bicycle,52
1762,3.46,22,Low,Cloudy,3.7,16,4.2,Bike,45
1763,2.86,18,Medium,Clear,4.7,35,4.1,Scooter,59
1764,7.57,20,Medium,Rainy,4.9,24,5.0,Bicycle,85
1765,0.82,13,Medium,Rainy,3.4,16,4.5,Bike,36
1766,5.91,11,Medium,Clear,3.7,38,3.6,Bicycle,77
1767,7.74,22,Low,Cloudy,4.9,36,4.8,Scooter,79
1768,8.83,15,High,Cloudy,3.1,24,4.2,Scooter,88
1769,3.75,13,Low,Rainy,3.2,12,3.6,Bike,50
1770,8.3,15,Low,Clear,3.3,28,4.3,Bicycle,71
1771,1.55,12,Low,Cloudy,4.2,19,4.1,Bicycle,33
1772,8.54,15,Medium,Cloudy,3.3,37,4.8,Bicycle,99
1773,1.71,11,Medium,Rainy,4.9,38,3.8,Bicycle,65
1774,4.27,11,Medium,Cloudy,3.9,24,4.7,Bike,55
1775,8.07,22,High,Clear,4.0,12,4.3,Scooter,76
1776,1.92,18,Low,Rainy,3.5,15,3.6,Bike,39
1777,2.68,16,High,Rainy,3.9,21,5.0,Bicycle,65
1778,7.36,12,Medium,Clear,4.3,24,4.3,Bicycle,74
1779,7.34,22,High,Rainy,4.5,15,3.9,Scooter,86
1780,6.59,20,Low,Cloudy,4.5,22,4.2,Bicycle,61
1781,7.09,10,Low,Cloudy,4.2,38,4.8,Bike,81
1782,5.66,17,Medium,Clear,4.8,28,4.0,Bike,70
1783,2.89,15,Medium,Cloudy,4.6,12,3.8,Scooter,46
1784,3.78,16,High,Clear,4.5,17,3.7,Bike,59
1785,2.23,18,Medium,Clear,3.1,17,3.9,Bike,42
1786,9.13,14,Medium,Cloudy,3.0,32,4.7,Bike,96
1787,6.04,10,Low,Clear,3.4,35,4.2,Bike,74
1788,4.31,21,Medium,Cloudy,4.3,29,3.8,Bicycle,62
1789,4.89,19,Medium,Rainy,3.8,24,3.7,Bike,63
1790,9.5,16,Low,Rainy,3.8,13,4.0,Scooter,77
1791,1.96,14,Low,Clear,4.8,28,4.9,Scooter,46
1792,6.07,12,High,Cloudy,4.8,30,4.0,Bike,89
1793,5.31,21,Medium,Cloudy,4.8,12,5.0,Scooter,49
1794,6.31,22,Low,Rainy,3.6,22,4.2,Bike,63
1795,0.67,18,High,Rainy,4.4,17,3.8,Scooter,52
1796,8.79,10,High,Cloudy,3.5,32,4.8,Scooter,101
1797,9.36,10,Medium,Clear,3.4,25,4.2,Bike,82
1798,5.87,10,Medium,Rainy,3.4,22,4.6,Bike,69
1799,7.12,12,High,Clear,3.7,12,5.0,Bicycle,72
1800,9.26,21,Low,Clear,3.9,25,3.6,Bike,79
1801,7.22,15,High,Rainy,4.7,18,3.6,Bike,84
1802,1.95,19,Medium,Clear,3.2,37,4.6,Bicycle,52
1803,5.97,20,Low,Clear,4.5,23,3.9,Bike,52
1804,6.26,12,Low,Cloudy,4.1,22,3.8,Bike,58
1805,4.53,17,High,Clear,3.6,30,3.6,Bicycle,75
1806,7.5,19,Medium,Cloudy,4.0,34,3.5,Bike,84
1807,9.38,11,High,Rainy,3.6,16,4.7,Bike,91
1808,9.29,18,High,Rainy,4.2,24,3.7,Bicycle,97
1809,4.78,12,High,Cloudy,3.9,16,4.2,Bicycle,62
1810,1.58,14,Low,Rainy,3.3,15,4.4,Scooter,39
1811,9.86,19,Low,Clear,3.2,11,4.1,Bike,63
1812,8.47,17,Medium,Clear,4.1,18,3.5,Scooter,73
1813,1.68,11,Medium,Clear,4.8,31,4.7,Scooter,52
1814,9.25,15,High,Rainy,3.7,33,3.5,Bicycle,109
1815,8.76,21,High,Clear,4.5,26,4.6,Bike,85
1816,5.43,14,High,Rainy,4.3,14,4.8,Bike,75
1817,6.12,22,Medium,Clear,4.9,21,4.1,Bicycle,66
1818,4.29,19,Low,Cloudy,4.6,10,4.3,Scooter,42
1819,1.02,18,Low,Rainy,4.1,19,4.2,Bicycle,42
1820,3.68,21,High,Rainy,4.3,20,4.1,Bike,68
1821,8.13,14,High,Clear,4.8,25,4.8,Bicycle,82
1822,0.54,11,High,Rainy,3.8,23,4.8,Bike,56
1823,3.67,14,High,Rainy,3.7,17,4.0,Scooter,64
1824,4.28,21,Medium,Cloudy,3.0,33,4.4,Bike,64
1825,5.61,13,Low,Cloudy,4.7,26,4.9,Scooter,61
1826,9.24,20,High,Clear,4.6,34,4.9,Scooter,99
1827,3.79,16,Medium,Cloudy,3.2,27,4.3,Bike,61
1828,3.8,15,High,Clear,4.2,21,4.2,Bike,57
1829,7.51,11,High,Clear,3.9,34,3.9,Scooter,91
1830,4.8,21,Low,Clear,3.2,26,4.9,Bicycle,54
1831,2.63,20,High,Rainy,5.0,37,3.7,Bike,75
1832,4.8,20,Low,Cloudy,3.4,35,4.4,Scooter,73
1833,1.84,22,Low,Clear,3.1,23,3.9,Scooter,37
1834,2.18,14,Low,Cloudy,4.2,25,3.9,Bicycle,47
1835,5.23,16,Medium,Clear,4.5,23,4.1,Bike,54
1836,4.48,20,Medium,Cloudy,3.1,18,5.0,Scooter,51
1837,9.19,16,Low,Cloudy,4.3,13,3.6,Bicycle,66
1838,3.94,14,High,Clear,4.1,34,4.4,Scooter,69
1839,6.02,21,Low,Rainy,3.2,32,3.6,Bike,82
1840,6.51,18,High,Cloudy,3.3,20,3.7,Bicycle,80
1841,0.62,13,Low,Rainy,4.1,15,4.2,Scooter,37
1842,6.8,20,High,Rainy,3.6,24,4.3,Bicycle,90
1843,2.19,12,Medium,Clear,4.9,14,3.9,Bike,36
1844,9.63,13,High,Clear,4.6,20,4.0,Bicycle,86
1845,1.91,14,Low,Clear,5.0,34,3.6,Bike,47
1846,4.44,22,Medium,Cloudy,3.5,27,4.0,Scooter,62
1847,1.31,15,High,Clear,4.9,39,4.9,Bike,68
1848,9.97,12,High,Clear,3.9,22,4.9,Scooter,87
1849,5.27,11,High,Cloudy,3.7,20,4.0,Scooter,76
1850,6.16,22,High,Cloudy,3.1,23,4.4,Bike,80
1851,1.14,13,High,Clear,3.1,37,4.9,Scooter,58
1852,7.62,14,Medium,Clear,4.4,27,3.5,Bicycle,70
1853,2.49,13,Medium,Clear,3.9,36,4.7,Scooter,62
1854,9.03,20,Medium,Clear,3.5,37,4.9,Bike,89
1855,2.45,22,Medium,Rainy,4.2,34,3.6,Bicycle,69
1856,2.31,21,Low,Rainy,3.5,37,3.7,Bicycle,60
1857,0.85,12,Medium,Clear,4.2,28,4.9,Scooter,45
1858,4.98,17,High,Rainy,3.7,33,4.3,Scooter,88
1859,5.87,19,High,Cloudy,4.6,36,3.5,Bike,94
1860,1.12,13,Medium,Rainy,4.6,24,3.9,Bicycle,44
1861,7.87,11,High,Rainy,4.0,18,4.2,Bike,91
1862,4.81,11,Medium,Clear,3.7,17,4.5,Scooter,50
1863,5.48,10,High,Rainy,3.7,29,4.6,Bicycle,89
1864,4.69,22,Low,Rainy,4.6,37,5.0,Bike,72
1865,4.31,13,Low,Rainy,3.7,10,3.9,Bike,49
1866,5.82,19,Medium,Rainy,3.4,13,4.3,Bike,61
1867,1.97,18,Medium,Cloudy,3.2,23,4.3,Bike,50
1868,2.23,20,Medium,Clear,3.9,34,4.1,Bike,59
1869,8.69,16,High,Clear,4.0,11,3.8,Bicycle,74
1870,9.49,21,Medium,Cloudy,4.7,25,5.0,Bike,90
1871,4.05,19,Low,Rainy,3.4,12,4.8,Bicycle,48
1872,3.07,16,High,Cloudy,3.8,35,4.2,Bike,76
1873,6.62,22,Medium,Rainy,4.6,17,4.4,Scooter,72
1874,4.38,16,High,Cloudy,4.6,15,3.8,Scooter,62
1875,0.74,17,High,Clear,3.8,25,4.3,Bike,51
1876,1.98,10,Medium,Clear,3.9,33,4.5,Scooter,57
1877,7.3,19,High,Clear,3.6,25,4.3,Bicycle,84
1878,6.76,22,Low,Rainy,4.9,16,5.0,Bike,64
1879,0.76,19,Low,Rainy,3.2,39,4.4,Bicycle,58
1880,2.61,17,High,Cloudy,4.9,22,4.1,Bike,56
1881,2.7,13,Medium,Cloudy,4.4,22,4.7,Scooter,53
1882,6.88,13,High,Clear,4.1,14,3.8,Bicycle,63
1883,0.69,13,Low,Rainy,3.1,34,4.1,Scooter,47
1884,1.49,15,High,Cloudy,4.0,29,4.0,Scooter,58
1885,8.1,16,High,Rainy,3.8,31,4.1,Bike,101
1886,2.2,15,Low,Rainy,3.3,27,4.7,Bicycle,52
1887,6.7,10,High,Clear,4.3,24,4.2,Scooter,73
1888,2.76,21,High,Clear,4.9,27,4.7,Bike,63
1889,1.44,17,Medium,Rainy,4.1,11,4.4,Bike,42
1890,2.81,22,Medium,Rainy,4.4,19,4.0,Bike,51
1891,7.36,19,Low,Rainy,3.1,32,4.7,Scooter,81
1892,8.63,20,Low,Rainy,3.8,22,3.9,Bike,79
1893,8.39,22,Low,Clear,3.2,27,3.8,Bicycle,75
1894,4.27,16,Medium,Cloudy,4.2,24,4.3,Bicycle,64
1895,6.85,15,Low,Clear,4.9,21,3.9,Scooter,58
1896,2.45,15,Low,Cloudy,4.3,24,3.5,Bicycle,45
1897,3.28,14,Low,Rainy,3.2,22,4.5,Bike,51
1898,9.02,15,Medium,Cloudy,3.7,27,4.3,Scooter,87
1899,0.62,21,High,Clear,4.1,24,4.2,Bike,44
1900,1.31,18,Low,Clear,3.8,34,5.0,Scooter,47
1901,2.47,19,High,Rainy,4.7,32,4.4,Scooter,74
1902,0.75,18,Low,Clear,4.6,20,4.8,Bike,32
1903,2.22,19,High,Rainy,4.2,28,3.7,Bicycle,68
1904,6.04,17,Medium,Clear,3.7,12,4.4,Bicycle,48
1905,4.5,19,Medium,Clear,3.5,16,4.8,Scooter,52
1906,8.98,18,Low,Rainy,3.2,30,4.4,Bike,93
1907,8.27,22,High,Cloudy,3.7,35,4.6,Bike,102
1908,3.75,19,Medium,Clear,3.8,23,4.1,Scooter,47
1909,2.96,17,Low,Cloudy,4.4,23,3.6,Bicycle,42
1910,4.11,17,Low,Clear,4.3,31,4.2,Bike,57
1911,6.11,10,Medium,Clear,3.1,22,4.1,Bicycle,61
1912,3.05,19,Medium,Clear,3.8,21,4.8,Bicycle,41
1913,6.43,20,Low,Clear,3.4,33,3.9,Scooter,68
1914,4.39,14,High,Cloudy,3.3,18,5.0,Scooter,62
1915,5.74,13,High,Cloudy,4.7,10,4.9,Bicycle,67
1916,4.64,11,High,Clear,3.1,28,3.9,Bike,72
1917,3.3,17,Low,Clear,3.8,20,4.0,Bike,44
1918,9.51,12,Medium,Cloudy,3.3,32,4.8,Scooter,90
1919,7.75,13,Low,Rainy,4.8,31,4.9,Bicycle,79
1920,1.83,21,Medium,Rainy,4.1,32,4.2,Bike,57
1921,8.75,16,High,Cloudy,3.5,33,4.0,Bike,102
1922,5.13,19,High,Clear,4.0,31,4.3,Scooter,80
1923,9.0,18,Medium,Clear,4.5,28,4.5,Bicycle,83
1924,8.1,11,Medium,Rainy,4.9,27,3.9,Bike,85
1925,4.54,12,Low,Rainy,3.4,21,4.6,Scooter,53
1926,0.71,13,High,Cloudy,4.8,32,3.6,Bike,55
1927,3.05,19,Low,Rainy,4.9,37,3.6,Bike,66
1928,5.65,10,Low,Cloudy,4.8,37,4.1,Bike,70
1929,6.52,16,Low,Rainy,4.3,37,4.0,Scooter,85
1930,2.95,11,High,Rainy,4.3,36,4.0,Bicycle,85
1931,1.82,14,Low,Rainy,3.8,10,4.2,Scooter,29
1932,8.43,10,Low,Clear,4.5,28,4.0,Bicycle,70
1933,9.85,12,Low,Clear,4.1,37,3.8,Bike,87
1934,5.49,21,Low,Clear,4.4,36,4.0,Bicycle,73
1935,2.13,11,Low,Rainy,3.9,29,5.0,Bike,58
1936,3.09,10,Low,Cloudy,4.5,38,4.1,Bike,60
1937,0.67,16,High,Cloudy,4.6,39,4.2,Scooter,72
1938,9.19,14,Low,Cloudy,3.3,26,4.4,Bike,76
1939,1.62,10,Medium,Cloudy,4.7,14,5.0,Scooter,40
1940,5.98,15,Low,Clear,4.1,35,3.9,Bicycle,73
1941,3.1,14,Low,Clear,4.7,12,4.5,Bicycle,34
1942,5.76,12,High,Rainy,3.9,11,4.6,Bike,68
1943,6.69,21,High,Rainy,3.8,12,4.4,Scooter,80
1944,8.38,16,Medium,Cloudy,4.8,17,3.6,Bike,69
1945,2.46,20,Medium,Clear,3.5,25,4.5,Scooter,46
1946,0.6,19,High,Cloudy,4.7,15,3.6,Scooter,43
1947,1.8,18,High,Rainy,4.0,22,4.4,Scooter,56
1948,9.05,22,Low,Rainy,4.0,39,4.6,Bicycle,104
1949,8.8,22,High,Cloudy,3.6,32,3.8,Scooter,99
1950,6.18,18,Medium,Rainy,4.1,37,4.8,Bicycle,90
1951,6.2,18,Low,Cloudy,3.7,31,3.5,Scooter,68
1952,6.82,11,Medium,Clear,3.1,31,4.8,Bicycle,74
1953,2.17,12,Low,Cloudy,3.5,25,4.2,Bicycle,40
1954,9.19,16,High,Clear,3.0,37,3.8,Bicycle,100
1955,4.48,14,Medium,Clear,5.0,25,3.7,Bike,55
1956,4.14,11,Low,Rainy,4.9,12,4.9,Scooter,47
1957,5.43,12,Low,Rainy,3.8,37,3.6,Bike,83
1958,0.95,19,High,Rainy,4.5,22,3.8,Scooter,59
1959,2.08,15,High,Cloudy,3.7,23,4.0,Scooter,55
1960,7.51,22,High,Cloudy,4.3,17,4.4,Bike,82
1961,1.29,16,Medium,Rainy,4.6,21,4.3,Bicycle,47
1962,6.23,18,Low,Cloudy,4.9,32,3.7,Scooter,74
1963,2.83,10,High,Rainy,3.8,32,3.9,Bicycle,80
1964,4.2,20,Medium,Cloudy,4.6,31,3.9,Bike,63
1965,3.24,16,Medium,Clear,3.5,30,3.8,Bicycle,61
1966,3.88,17,Medium,Clear,5.0,35,4.1,Scooter,68
1967,7.33,21,High,Rainy,3.1,17,4.6,Scooter,83
1968,3.32,12,High,Cloudy,4.2,30,3.8,Scooter,71
1969,5.88,13,Low,Cloudy,4.3,34,4.1,Bike,69
1970,5.02,19,Low,Clear,4.4,18,4.1,Scooter,44
1971,6.8,15,High,Clear,3.2,10,5.0,Bike,60
1972,9.4,19,Medium,Rainy,4.9,15,4.9,Bicycle,86
1973,7.46,16,Medium,Clear,3.4,32,4.7,Scooter,74
1974,2.54,22,Medium,Rainy,4.2,28,3.9,Scooter,59
1975,0.8,13,Low,Clear,3.4,32,3.6,Scooter,43
1976,2.99,17,Medium,Clear,3.6,20,4.0,Bicycle,40
1977,6.15,14,Low,Cloudy,4.1,20,3.9,Scooter,59
1978,0.99,10,Low,Clear,3.8,32,4.3,Bike,43
1979,5.22,13,Medium,Clear,3.3,39,4.7,Bicycle,79
1980,6.17,12,Medium,Rainy,3.3,22,4.8,Bicycle,71
1981,3.68,18,High,Clear,3.8,20,4.8,Bicycle,54
1982,7.82,17,High,Rainy,4.5,27,4.0,Bicycle,93
1983,1.51,10,Medium,Clear,4.8,32,4.5,Bicycle,49
1984,1.21,20,Low,Clear,3.2,24,4.0,Bike,40
1985,7.42,15,Low,Rainy,3.8,10,3.6,Bicycle,67
1986,5.21,18,Low,Cloudy,3.2,30,4.6,Scooter,65
1987,7.04,16,Low,Rainy,3.0,34,3.5,Bicycle,89
1988,4.63,13,Low,Rainy,4.3,16,4.1,Bicycle,52
1989,2.84,22,High,Rainy,4.2,32,4.0,Bicycle,74
1990,8.28,10,Medium,Cloudy,3.3,36,4.5,Bicycle,91
1991,8.09,21,High,Clear,3.5,22,4.6,Bicycle,78
1992,7.1,11,Low,Rainy,3.0,21,4.0,Bike,74
1993,3.09,21,Low,Rainy,4.7,27,4.7,Bike,53
1994,6.11,14,Low,Cloudy,4.9,33,3.9,Bicycle,77
1995,3.93,21,Low,Rainy,3.3,28,4.2,Bike,58
1996,1.37,20,Medium,Clear,3.5,24,4.6,Scooter,44
1997,9.21,14,Low,Cloudy,4.7,17,4.5,Bicycle,76
1998,1.8,17,Medium,Clear,4.9,28,5.0,Scooter,44
1999,9.53,15,Low,Clear,3.8,19,3.8,Scooter,75
2000,4.74,17,Medium,Cloudy,3.1,16,4.5,Bicycle,55
